ID,StartTime,EndTime
1,2023-05-10T09:00:00Z,2023-05-10T10:00:00Z
2,2023-05-10T09:30:00Z,2023-05-10T10:30:00Z
3,2023-05-10T11:00:00Z,2023-05-10T12:00:00Z
4,2023-05-10T09:00:00Z,2023-05-10T10:00:00Z
5,2023-05-10T09:30:00Z,2023-05-10T10:30:00Z
6,2023-05-10T11:00:00Z,2023-05-10T12:00:00Z
7,2023-05-10T09:00:00Z,2023-05-10T10:00:00Z
8,2023-05-10T09:30:00Z,2023-05-10T10:30:00Z
9,2023-05-10T11:00:00Z,2023-05-10T12:00:00Z
10,2023-05-10T09:00:00Z,2023-05-10T10:00:00Z
11,2023-05-10T09:30:00Z,2023-05-10T10:30:00Z
12,2023-05-10T11:00:00Z,2023-05-10T12:00:00Z
13,2023-05-10T09:00:00Z,2023-05-10T10:00:00Z
14,2023-05-10T09:30:00Z,2023-05-10T10:30:00Z
15,2023-05-10T11:00:00Z,2023-05-10T12:00:00Z
